{"version":55,"hash":{"type":"Buffer","data":"Iowkpll5K8YFKUxt4oWGMsM238Glbg6RrHDM1p1W92cYwLxkcFWO8e3MKizQqFzLVVXaCJd8OrXWpcSeZcKdRnr2AGgm8OxJobPq+lEfpG9TvqyB41AcglfWrNeTtN7r7qfLxSAktS40BgFIdL9j75mStl6YEcc7gR3jkMHLV8g="},"indexValueMap":{"BE+kTXnLmXmLzRLc2XslsVoDY/JGQQCaCfCdZwOJxxc=":{"valueMac":{"type":"Buffer","data":"H8aCL9c+8El5ukjSlKc+9cfRW1QlO2nMk25wFJqC7Yo="}},"CCGjGlnIEOjEYSLf5+v0sJnR+zrBaV1or4VQ+Dx8L1o=":{"valueMac":{"type":"Buffer","data":"bUwz/Pwj9rftR7ulLIk9ZP8mJJWZmGjUhptdfql/nVg="}},"HsCWEgs2OOJ04CYDSka1gTJRVnhINc8IGpuFA8DxMBY=":{"valueMac":{"type":"Buffer","data":"VPach6+FJp9zD4dIUJuBCcNlMgFK0zAYJIYm0MJkm7g="}},"KeWaOrIUz63ReqFxWPdDuwBJeC95N4rPpWC7tzvxFYA=":{"valueMac":{"type":"Buffer","data":"YPNPlicOGjuIdG2VZBmzGTH0joIwBpuyX8hf/zw9vXI="}},"KtKH3H9mBtC+iMcbmVHqT+QTO4/G5E6QOUvPouzQbC4=":{"valueMac":{"type":"Buffer","data":"CeYbGF/5Tyb87Pkm28+MaBTiKBi6ouiMv2tRdAZym64="}},"OVHbmol5VZNFakdWRsINwoscmaVSwbWuNhl3xZqaSzQ=":{"valueMac":{"type":"Buffer","data":"PMp3GDYy8ybIDMZyVNegJae+Ia1Ls5wF0xlp3qopLo0="}},"PuH5qcl6NmXZFA+y+Gq3vIbxgppOqDnd4TgevlIxwaY=":{"valueMac":{"type":"Buffer","data":"mwzlK1h+7SXWPKNhPBXnhZ7bCPjla6poAbwctCLiYns="}},"SsEhFAtxxC7qyxiYsuorchIZuCFu3yHowXAsqSKwMYU=":{"valueMac":{"type":"Buffer","data":"RZMOT3JgAN0w04VTikEVsI8rwraWNHmWR6B4AJl34RM="}},"UlUhW60MQII6TSZOBfw0gSYhZVJrAeoG46T++WK7flA=":{"valueMac":{"type":"Buffer","data":"NkR4CrBo2OhCwwT/sDkbRzBCW02ZKs+gqvQRuef5vKE="}},"UwsDJSrCpqNXIq4Pc/9iLEcnQrrSZNGJApJY64BnnQA=":{"valueMac":{"type":"Buffer","data":"u7ZSJaR6Ly2arcneplazIGX+YNf2WbNna+061CnbDz0="}},"VUUJ8xApDyQfJvwKgsnab4YQU6S6nFt9SY2ATt2bE9M=":{"valueMac":{"type":"Buffer","data":"pUqnfuwujnN1Na2ouftvlemC752oUgf8OQodEc7hHbU="}},"Vki9sjyvKLYTP8HHb5D+OISlkyCF/eyDdQ0a/GKubq0=":{"valueMac":{"type":"Buffer","data":"0oiMYMGC/acBoIo7svxw5o7SSL/MnJm/uqsrZKcbruk="}},"bFOxI6+GY/IReNdWgDHG3u/GkGxd9O2SX7WmJsbFC64=":{"valueMac":{"type":"Buffer","data":"VWteEjp/fHMbXb5/7002lFLUn41bXOBl/B6MW57m9RQ="}},"c4H7H/Bps1HAk+Q7VLT+HvEC3za/+hujUq/V+l/0B9k=":{"valueMac":{"type":"Buffer","data":"9n3v3Rq+RbetrTJTW+MDdtvYsT8fC/POUTbCc4Omnks="}},"dKzxUhU9YOrJXQFJddrJ+07qPYhiU+vmKM1aOhzSy9s=":{"valueMac":{"type":"Buffer","data":"sBj1+CPChOt1HH2Kzr+RRKo271DOus9JD9U3ZIWZ6uA="}},"fp9kgx2S4E2m0hpEjunpuipvCJCxS95ixPwcu1By870=":{"valueMac":{"type":"Buffer","data":"o7QiXSYkEmJixC/Ai5anh5NPHgv5dLAOsnUSr64uxGQ="}},"hMl1GfS/tkJ9tHJh5Qhga4Ji3QkWFzZQLaPgxuSB4vE=":{"valueMac":{"type":"Buffer","data":"2HVE+y0BK2Iip9ebx5K0ph3BNh1VYu3jxxZch5Ad8Us="}},"iLzFD8MiyYnId0D0wIwJ0CC+rVPoDR5KxpQLSmJPvLo=":{"valueMac":{"type":"Buffer","data":"d0ssRCARwXtTIUaZpZ+iG9VF75JNwm32BhftbLLFQEQ="}},"ifGtJuXUNsvQ12w8fAxRx2X2j4Q3WkLapO7zvA/rx9U=":{"valueMac":{"type":"Buffer","data":"gwbZeWKjkgxGMObneA1x/xBNiuK8AWp9MaR1ea1fg+A="}},"lNHRClPliMBffsJCWwMG9DU60PRZDX+KCDEuYgH2ieI=":{"valueMac":{"type":"Buffer","data":"Ja5OiE9F0jnxZhoR4pSokQppyAGP/111SbCnlt7Yvnk="}},"lb6hmFnKx5KUK0AQD6oqLqDkTgiWT3bo2ojCo3h7U78=":{"valueMac":{"type":"Buffer","data":"Jd60Q9w23D36V2PdZWh/vfbxjJ/rlvBRRq/+QNi490w="}},"mN+CqPWBslnBg3hzMKvtBKj48dPrTuHKXZWdJJQIzO0=":{"valueMac":{"type":"Buffer","data":"aWbQPC6VZnZofu04rAJwYekOYzsffQCBcQATdIlS1Es="}},"m+L5JlgRhHK9P4ThqTMxW94G0hxTNj3on/xMvRB3PiQ=":{"valueMac":{"type":"Buffer","data":"EDOmcBgofr6MScCWB3o80JHanyU1Wkueu0xY2RMOOhk="}},"ncPSI16PZqhhekKbTjkzVtterypmBpcB+5h8iPp44gY=":{"valueMac":{"type":"Buffer","data":"NRsFNDUTxj17Ot0TVgpAQa7OMMXfYAIPGhPwPObpo38="}},"o2aJ1bWXlr/iM6Hss5cVX/ndn7lDAdMzYlL+LzCyoBo=":{"valueMac":{"type":"Buffer","data":"NkihXlHdHPTgjjljQbXywS5o5Jh4eM98hNP573h1WsQ="}},"qHPDeYmoWuX+YR4qHPaxD6t0hya5MOv1+eUUK3P5UZQ=":{"valueMac":{"type":"Buffer","data":"1VB+0JWglo77sTgXzm6+UltD5SkyoK9aHEl3wdhoNeg="}},"reISolpzWqF3DAbAbv+p7lyo7HZo64dWsJhJC9D+mxo=":{"valueMac":{"type":"Buffer","data":"T70C0Cj9x8gLToEpev6ISACvUAtYbK+AGtmTz/06mlY="}},"r3/gB/nrOZEokgc/sYz2+LOmaiRsxz0aJjprSVafONI=":{"valueMac":{"type":"Buffer","data":"qxvL6nk4z5T5qYB/6Yty4K5BZIifB565RpJjdX+DBb8="}},"sPcy+b25uWBlK4SGr+XbxSaCovrmljaWXAoBO5kAek0=":{"valueMac":{"type":"Buffer","data":"p8pWQt/3J3t1unKOT2+ktpLbmoftJ5upnrgcCQ61YTE="}},"sXADT+E+CYyNwjJKq3bVxX0FdkQ+M0JZoi0Pes5qe9w=":{"valueMac":{"type":"Buffer","data":"DxTWlFMlC7uUilrIhK0p4r6V1QJuGALxseuYG9hkFwc="}},"tOr8atC6RZImmodp5tnSFBlNG2taflT1uz63eNow8fc=":{"valueMac":{"type":"Buffer","data":"FIo9tXjWAz9A52ds4Qoo1F/v1+JGsJs/Y2BlNYCMavc="}},"tgBz305bx8u0cNQ6fJ8SwuPRtu48UtlQehChkK4tNRk=":{"valueMac":{"type":"Buffer","data":"ggNGM6rsEgzOMtwxZqwLhXpBhFbreFtIjqe4pUWe/7g="}},"vHZ+aCTkUq8pZTwJMsJrx3TQ/w5Pb3Sx2z/mf9BqvZw=":{"valueMac":{"type":"Buffer","data":"u70oqnKckVMUn3eY9LBVJemE+j81rJOZnhQ83CfYi+4="}},"w06Ns/hEsrnjKRGl+mmdZtetqz5HoWd/sHmZr20Yum8=":{"valueMac":{"type":"Buffer","data":"PqE9mkY9CNwPq48tTENGHPjtPBGphdXDZ4CfpslUygQ="}},"w4kjtxrx0GZ+0O0Lx36pslQoyQIzXUCgbKpxhXe/agw=":{"valueMac":{"type":"Buffer","data":"s8TbizQUAe2HHaJdBZmFfheS8cbbfribZRXzazEDAdc="}},"yCzsae4+WrOE9eKi/P9ZnI0F01MYoCuwOTpkzTiC5Tw=":{"valueMac":{"type":"Buffer","data":"G07I/S1yPJOX6rTmNsgvW7buoyWMhNu6ryNp2nfPS04="}},"y8tDNe3swlhHcjyIp+iWo6aee4NTGBC11V6IGjwJhBk=":{"valueMac":{"type":"Buffer","data":"vweNpyu+Z+0rZYGxPpHggqS0GnPdcuU2a/0Nd2qLFfA="}},"z119S7WISfAIJK2fXKf5CZxEq9pyzSgMFf9F7iz2oOo=":{"valueMac":{"type":"Buffer","data":"6dNCi4hzqLb0JlTL2ICoVB4hD6cf85By1arZLF4uq2w="}},"1lluwJI2U8OsBMDbvpwc9J6J9ekW3lnt4QkaIo0YFNk=":{"valueMac":{"type":"Buffer","data":"auK5/2YultDxkpoSwKVr4hD+X/9hjSZ5KKaGF7WTEso="}},"3W1RIFLfwVkyvE15s+x9f3N3wlOGf7b6lvr9AKGC+jQ=":{"valueMac":{"type":"Buffer","data":"vCp+6vJ43R9eqjdJLWUDXU9Wm95Czpl7HDrxnQnm+vA="}},"4ylltcTF9LBBtKImHs8W9YtQrXftCYFradzoAEV8uZM=":{"valueMac":{"type":"Buffer","data":"xZo3ToQNTGGA/BvdXO2WRpXaI6PmR0qAo3o1U44bE80="}},"44F3zR8nLe/P4VJQ9riqsCrV5Nj7B/8vSi78bucj5KQ=":{"valueMac":{"type":"Buffer","data":"Bt3q84TZPydGFEEorbASl5x6qcSwJO0XppYcevcyTFQ="}},"45u3oIaRl0uCZfpTGm1u8Vstfwpk9Y3ZHraiCuvXyOw=":{"valueMac":{"type":"Buffer","data":"RfNoyuY1z15lGRh4K5ROWZYmPcNaeF/SksgxqWuzQUo="}},"6Dv2aUFWlgRaEe6fNZYEyLzhtTDER2xsNM2K5F+Otzg=":{"valueMac":{"type":"Buffer","data":"Y8GbUlsf0ErxTwnAWmDmUfZBJFdhGtpU6Phq+5T/Cik="}},"7IYK2AnGdA/1+lqET8PLoJHVHJNu7rla7WWRfhkXP+o=":{"valueMac":{"type":"Buffer","data":"jVY3ky9/LEb+hVAJqLf6pujm+km6IKNCxNK3zVgWexc="}},"75tI3eZjVa+xdFJ+dJ0MlZI4PgsW4mHHJSdFrLa7hLY=":{"valueMac":{"type":"Buffer","data":"rDJUgjYFoWsnQvth1wHlH4vJgqPUdAXipos2jRrTDTo="}},"+pVLFLKxz6oCqVXgV9GcKwfsaeuZLZjj+fLktVSEYgo=":{"valueMac":{"type":"Buffer","data":"O55ov5jWdSU57pUAsUyp3ggQaR6ezQPSaFwpQmnC3MY="}},"/RbTqjuBOmi7eHZEFKEzNk8CwGCc5lyP0lCZ/RESlco=":{"valueMac":{"type":"Buffer","data":"oHNUNTMBF1gfZFLEfYgN4lZrlEGsdd7nLtUNAOvsYBY="}},"/+j1z/VW+dyRBm0DZPdItF0nXSCTnfCZJw5upKQs86c=":{"valueMac":{"type":"Buffer","data":"hK3zPFPmOibFEvkr35bHiWfTVbKLumlxfhbNLiHxGPs="}},"j2B0oGx+zgmf3S0HsT6YHT7/O+gCzz8nFKWWhvUhlQw=":{"valueMac":{"type":"Buffer","data":"Hiuwc1hw1cNZlMWpUXWtXOysupsgyrLgBeMXPkyd4eE="}},"ZhIoCKLl+gneHYleWJ9BjzbG6lxPxq2o/xPG0iomU+Q=":{"valueMac":{"type":"Buffer","data":"zCUo/PrQzzTuoYRNBmO7CLzdtN4iin4rpsDo3W2M4to="}},"8zAJbnMCAShGcJc0kBQC0jaNLcPh75cQfWkMacaezVA=":{"valueMac":{"type":"Buffer","data":"LZ5T2AJ5SDqJDsOcXdP8aS3lr1dSFWA/Uw+cOs58gf0="}},"2pBuJ+K0oXVmJOgn9pCufOFGI3dGl57MfsYM87+NIcQ=":{"valueMac":{"type":"Buffer","data":"OISGX5C+KXNspcTILzt6YBClDB3Sf1GeXMmBndfe7WI="}},"/GPB8EIkGr8GFeABLhb4Ocj5NvzEksbanGk6YBjBuKI=":{"valueMac":{"type":"Buffer","data":"KxAWrnlcPHBM8EdJXnKuKFA/eUzGUxdhn/vUQU34tOI="}},"IWiqNN1X9DrUThneXBdUlp/aR6mDFOtYNeTXm48LGKc=":{"valueMac":{"type":"Buffer","data":"i7Sz6xEqLYGVBdvhY4D1tBaK0Vg6q2ZPq9fArY6WQu0="}}}}