{"noiseKey":{"private":{"type":"Buffer","data":"sOtcXvJnAt18Qsm5M8aA7wtN53aiGZAjzDrqXZ+Msks="},"public":{"type":"Buffer","data":"kz9qYjZb2f7Lq0el4Hm4F3AkxQw0IAAU3YJR+oeNoU4="}},"pairingEphemeralKeyPair":{"private":{"type":"Buffer","data":"0KuAypvQP2767IBsAaGKtQ4IYUYiKp/2TQVxL8HBJ08="},"public":{"type":"Buffer","data":"Dcwnv7+Qtam45hE1xCi3Gf12F+kMjunzXIhFdm7gLCg="}},"signedIdentityKey":{"private":{"type":"Buffer","data":"wMwErA/bwC3c23xNBLaMnwnElLBMgr4OOCAeaWxWPlY="},"public":{"type":"Buffer","data":"8y6JvSQf/QCQagVemc7vYyT3jygpdOZNmD5yjXIJjD4="}},"signedPreKey":{"keyPair":{"private":{"type":"Buffer","data":"qHvpYF0znLGE3/P+HF9XZppDFAYi9LnraeQ/1mHTMV4="},"public":{"type":"Buffer","data":"/XXCwaFjYek0AO6EIPDCjG/Zi1z0q9UfAv15R0Dzcyw="}},"signature":{"type":"Buffer","data":"GI0UFTgkX+DkLfLPPc1m+/+G9gpeKxRspisiQcsViODlA/4Tu4rsHPnjOMzq7jsap6DBEbp00BMMtejdA9hHCw=="},"keyId":1},"registrationId":125,"advSecretKey":"eOj5C7MYG95huMLzMZ5GXKg9mu4hyFfEV+ED/cSxuyM=","processedHistoryMessages":[{"key":{"remoteJid":"972533311234@s.whatsapp.net","fromMe":true,"id":"A5F3BAD0B1ECB9391D15C2502B694BE9"},"messageTimestamp":1760947575},{"key":{"remoteJid":"972533311234@s.whatsapp.net","fromMe":true,"id":"A5614ADFAC524CBC5650790845394B8E"},"messageTimestamp":1760947576},{"key":{"remoteJid":"972533311234@s.whatsapp.net","fromMe":true,"id":"A5B0A1CB1D7D06EAF32AB2D2BFD04750"},"messageTimestamp":1760947582},{"key":{"remoteJid":"972533311234@s.whatsapp.net","fromMe":true,"id":"A5320D35F22CF5AE37A81729BBA38832"},"messageTimestamp":1760947591},{"key":{"remoteJid":"972533311234@s.whatsapp.net","fromMe":true,"id":"A5F448A0A52D5CFCBCDB102E819081E0"},"messageTimestamp":1760947598},{"key":{"remoteJid":"972533311234@s.whatsapp.net","fromMe":true,"id":"A5C5D817162DFF66A2929A340ECA9808"},"messageTimestamp":1760947604},{"key":{"remoteJid":"972533311234@s.whatsapp.net","fromMe":true,"id":"A5B6928E7DA2531E42F2285FEBAEFF21"},"messageTimestamp":1760947619},{"key":{"remoteJid":"972533311234@s.whatsapp.net","fromMe":true,"id":"A5EE27B56774A45F3A27DFE9954C269B"},"messageTimestamp":1760947630}],"nextPreKeyId":31,"firstUnuploadedPreKeyId":31,"accountSyncCounter":0,"accountSettings":{"unarchiveChats":false},"registered":false,"account":{"details":"CKDP1OAGEOra18cGGAYgACgA","accountSignatureKey":"zuT53vI8EjYP/ruGQDniB47HK+QlbBWKBxMKR8HbPQc=","accountSignature":"SoQMMZoz2difAR6W+KLLKQ5/0XlNcFy/+Uw3nhBF6/fLQl+VxfC69iHYD7P15+NaKp6Fse30fOy4CaiKAeS8DQ==","deviceSignature":"5FTFMTgNJye4FZ+aJMDbGlFS2c3kLmGrYHe4jAzLVae6M80EfMrTQ0CeFSP2iNUwVbI1NLdD3h/rpCrZSoWlDQ=="},"me":{"id":"972533311234:32@s.whatsapp.net","name":"H-group","lid":"150122277155065:32@lid"},"signalIdentities":[{"identifier":{"name":"972533311234:32@s.whatsapp.net","deviceId":0},"identifierKey":{"type":"Buffer","data":"Bc7k+d7yPBI2D/67hkA54geOxyvkJWwVigcTCkfB2z0H"}}],"platform":"smba","routingInfo":{"type":"Buffer","data":"CAIIBQ=="},"lastAccountSyncTimestamp":1760948812,"lastPropHash":"1K4hH4","myAppStateKeyId":"AAAAAJqo"}