{"_sessions":{"BdNrNrDfa/Bw3iOOeMg6y8UsGe690Ss7Z1SEPxZBWVxK":{"registrationId":11214,"currentRatchet":{"ephemeralKeyPair":{"pubKey":"BQSetxIPELVp6K/m5RI/vbTd8rMlGz2ulKChHFH/1XpZ","privKey":"cCPsH48UB/WX3DnL6xUVaXGGOxA6hrhUV5MOBhnZE2k="},"lastRemoteEphemeralKey":"Bc6mm9iUbup4tZAeBeVBFhGAAc5TgUCm8DxZ07ULidUc","previousCounter":0,"rootKey":"6yVrEVWryE9cuLpvq5W6hXjgV4GiOlJNRZG5RN6YCg4="},"indexInfo":{"baseKey":"BdNrNrDfa/Bw3iOOeMg6y8UsGe690Ss7Z1SEPxZBWVxK","baseKeyType":2,"closed":-1,"used":1760951221206,"created":1760951221206,"remoteIdentityKey":"BRnoY2Eb4qgiF8mtrzocOOZqMVDcNOjOpoIpCqiZeiQU"},"_chains":{"Bc6mm9iUbup4tZAeBeVBFhGAAc5TgUCm8DxZ07ULidUc":{"chainKey":{"counter":0,"key":"x5z6HWV6J/wDbMUuvFqrGdeWEjXuxj4KDY0mlELgWEk="},"chainType":2,"messageKeys":{}},"BQSetxIPELVp6K/m5RI/vbTd8rMlGz2ulKChHFH/1XpZ":{"chainKey":{"counter":-1,"key":"24n7icFLMNJtWOkKgDcJl0gWvJw43J3VdxGEWmE2tXE="},"chainType":1,"messageKeys":{}}}}},"version":"v1"}