{"_sessions":{"BQonAQnK1I9p1bNaC8XIqIs6HEK+brCHmZX4JcB8pc9t":{"registrationId":743410610,"currentRatchet":{"ephemeralKeyPair":{"pubKey":"BTKGlfHwO+MgSbIrO45OxKZxtt+p3X7UzUqi6fBRrLlj","privKey":"gCZVo9JG+jUskEqeqwKfn5T4DKkNPpVmDz+vn9Faw20="},"lastRemoteEphemeralKey":"Bdzqi+wHmRL78NRAn/74Q7Re17ydm5ZvMDSSHunohs1b","previousCounter":0,"rootKey":"9XPGD5TB4+GuKfDvUQ9dywmxOPnGBSFJ92Ka5IRSMk8="},"indexInfo":{"baseKey":"BQonAQnK1I9p1bNaC8XIqIs6HEK+brCHmZX4JcB8pc9t","baseKeyType":2,"closed":-1,"used":1760948170665,"created":1760948170665,"remoteIdentityKey":"BZshKM77iqYVfO9dYNNcBzs0SxB/oT5oS4++22g0YwYe"},"_chains":{"Bdzqi+wHmRL78NRAn/74Q7Re17ydm5ZvMDSSHunohs1b":{"chainKey":{"counter":0,"key":"GyVby+cd+Es6R325ZXw8M7t+oPtzCbFVR9JklVDfPOc="},"chainType":2,"messageKeys":{}},"BTKGlfHwO+MgSbIrO45OxKZxtt+p3X7UzUqi6fBRrLlj":{"chainKey":{"counter":-1,"key":"sMlpMjRdVuhLacyGA5FG0cl2IUVFVf3WyTUHkj9tUzk="},"chainType":1,"messageKeys":{}}}}},"version":"v1"}