{"_sessions":{"BSrFyC58KEyKAdqOuujzvXXuMwBGxxpnM4dfsfq6aipo":{"registrationId":2030421635,"currentRatchet":{"ephemeralKeyPair":{"pubKey":"BZO/Tzq44WZQmIGLymdtY+2ZSvyVUVwAz0iR4TQ1P71h","privKey":"IHug/ipQFFo0JR+7Tor3Z+GeUVKVIt+LFxNItpH9xHM="},"lastRemoteEphemeralKey":"BSf/NORt8oUm6VJg3yY5sumbWfHl8gnEfs9kIBnLlMlU","previousCounter":0,"rootKey":"vvVeCJdHckly1MeE0zDStj4a+nH2LlUDqE1o4nF1NgI="},"indexInfo":{"baseKey":"BSrFyC58KEyKAdqOuujzvXXuMwBGxxpnM4dfsfq6aipo","baseKeyType":2,"closed":-1,"used":1760951160246,"created":1760951160246,"remoteIdentityKey":"BXjsZK7lkg0ew5+8ZwQi74fkGhhqBIgzbyN6cMdqQDgg"},"_chains":{"BSf/NORt8oUm6VJg3yY5sumbWfHl8gnEfs9kIBnLlMlU":{"chainKey":{"counter":0,"key":"sh2P1hhUH++i3AhFEwFu61pIEtbnsJnu846fJEDwGEI="},"chainType":2,"messageKeys":{}},"BZO/Tzq44WZQmIGLymdtY+2ZSvyVUVwAz0iR4TQ1P71h":{"chainKey":{"counter":-1,"key":"g1FFBYkUQKfTKZMFXv10iyy0G2z0anSp9XbqN8AD2bs="},"chainType":1,"messageKeys":{}}}}},"version":"v1"}