{"_sessions":{"Bf8hQRDB4WFHJ0fPX8frkCdqApknlUN74izJS/5hNtxj":{"registrationId":1055402876,"currentRatchet":{"ephemeralKeyPair":{"pubKey":"BamEyFwIFmGXUX3Q0SYUtljyI6zEEjf7pzHFZY3G7lYY","privKey":"IH7Ng3PTzQraVder8m86J9fKI/xBPGXKg2gfg1Nksnk="},"lastRemoteEphemeralKey":"BQ5pve08JAvGjkEgUsnkPC+BPGqdh+vL3y0apsayND9i","previousCounter":0,"rootKey":"6Z5MOcN8uHOvAxRnVfHjttPoLDbNGId9sXWLT8O47BI="},"indexInfo":{"baseKey":"Bf8hQRDB4WFHJ0fPX8frkCdqApknlUN74izJS/5hNtxj","baseKeyType":2,"closed":-1,"used":1760949266951,"created":1760949266951,"remoteIdentityKey":"BYiyuUEnsIva+YsKhvvjCSBW0pwfqUW1UWB8lusJvvkz"},"_chains":{"BQ5pve08JAvGjkEgUsnkPC+BPGqdh+vL3y0apsayND9i":{"chainKey":{"counter":4,"key":"k0bgXUzduveo6VACwHz2lwDFgxWWjjR7y7tQTwNHd/M="},"chainType":2,"messageKeys":{}},"BamEyFwIFmGXUX3Q0SYUtljyI6zEEjf7pzHFZY3G7lYY":{"chainKey":{"counter":-1,"key":"azG+kCRBGrOWyyYouoklT5nEJhNVi+sBqAn7z1QJZSE="},"chainType":1,"messageKeys":{}}}}},"version":"v1"}