{"_sessions":{"Benus6MPY0dI1A2pL1WAiiNBwoP/OD7vmVf0Hj9k4AA/":{"registrationId":10789,"currentRatchet":{"ephemeralKeyPair":{"pubKey":"BeJPx+cDUQV6yHuywGuJs0OJMDjzDRtoTC6S+th9Y7Vx","privKey":"WOsNGpRDIdIRp04WTK+CZ87hUEPwCqVKMdDvH5ibxls="},"lastRemoteEphemeralKey":"BRkT+GRVnJxE47uD7doLZN0x2mmmR6T9la1BtST2degb","previousCounter":0,"rootKey":"Nb0X5vL3rHf8MUw8AoRU/33uoQbiH9s+ns6F+khFcN4="},"indexInfo":{"baseKey":"Benus6MPY0dI1A2pL1WAiiNBwoP/OD7vmVf0Hj9k4AA/","baseKeyType":2,"closed":-1,"used":1760952615557,"created":1760952615557,"remoteIdentityKey":"Bb7Ddmf3gwP455Bih2bY0Rt1pXZcrbGRZo0rS+jzUC80"},"_chains":{"BRkT+GRVnJxE47uD7doLZN0x2mmmR6T9la1BtST2degb":{"chainKey":{"counter":0,"key":"xmIJq3pr+3WydbipNuR0hr2VBnb6QojvxRUrvC4xO4Q="},"chainType":2,"messageKeys":{}},"BeJPx+cDUQV6yHuywGuJs0OJMDjzDRtoTC6S+th9Y7Vx":{"chainKey":{"counter":-1,"key":"Y32wFzsjY2wrIDIVXflqWaTSLk5WhxvfzXdpDNHS2cc="},"chainType":1,"messageKeys":{}}}}},"version":"v1"}