{"_sessions":{"BcnPJF6/yedHl2aLAvUekTu14aTjPbdUPhnh/V7R0Ih3":{"registrationId":643507177,"currentRatchet":{"ephemeralKeyPair":{"pubKey":"BR6uXAmkoNC2F0QpnfoW9zWTlqBrltGuSGzpGyWFfDZr","privKey":"gCJwEQh3ALC92vjk0sUawQHZRpb7Yt4k5zdyJuE4UVQ="},"lastRemoteEphemeralKey":"BaaLf/PIoP1eWSnKSldME2aTI/ynCvmXsJTCfK0ysdQp","previousCounter":0,"rootKey":"kCIQ4YGxie5mKK+XQ3ZUxCoG/wFrB0MK8U2p8dMeeAA="},"indexInfo":{"baseKey":"BcnPJF6/yedHl2aLAvUekTu14aTjPbdUPhnh/V7R0Ih3","baseKeyType":2,"closed":-1,"used":1760953457053,"created":1760953457053,"remoteIdentityKey":"BUGuw9DseKxy/asRGwbAIEcl/iR1+RWUmKyBAc0Rftp8"},"_chains":{"BaaLf/PIoP1eWSnKSldME2aTI/ynCvmXsJTCfK0ysdQp":{"chainKey":{"counter":0,"key":"zJlfnWRebmqfq5ZX61ulZp1CV7ZdScTYW3J57Z9P2j0="},"chainType":2,"messageKeys":{}},"BR6uXAmkoNC2F0QpnfoW9zWTlqBrltGuSGzpGyWFfDZr":{"chainKey":{"counter":-1,"key":"UmJ4Y8ME3VRVhNCZ9iJbP93LfPteIKx9DlldzD7lCSA="},"chainType":1,"messageKeys":{}}}}},"version":"v1"}