{"_sessions":{"BZFn6WL72LKC0Hh2+bWOWEO3vDkV8kAiRf0UQzMa24xx":{"registrationId":5166,"currentRatchet":{"ephemeralKeyPair":{"pubKey":"Bdm2u1lw0bkU9P5XbztQtJZjl3zAFguJtGp4112mLMcQ","privKey":"6LMRuEPC3zrOho993kjfSpVI/EaphDh0YA8G4VTYDUc="},"lastRemoteEphemeralKey":"BWRbGx2RkKWbIHZUJvMG2/RgIAazmXWZfIao7T0jCoxg","previousCounter":0,"rootKey":"NEi52uRA6pbiOFiM+I55YUEMJVaHHsfOFYGo+ZLFkPA="},"indexInfo":{"baseKey":"BZFn6WL72LKC0Hh2+bWOWEO3vDkV8kAiRf0UQzMa24xx","baseKeyType":2,"closed":-1,"used":1760952658645,"created":1760952658645,"remoteIdentityKey":"BaDPwWkThNbUtqvguStLTSeVg39cDjqTGbT50jUpufIH"},"_chains":{"BWRbGx2RkKWbIHZUJvMG2/RgIAazmXWZfIao7T0jCoxg":{"chainKey":{"counter":0,"key":"LrIhKRxoJ/4Q9lh/9D27hLnV8mgKXKZvNxL8rIFTkMY="},"chainType":2,"messageKeys":{}},"Bdm2u1lw0bkU9P5XbztQtJZjl3zAFguJtGp4112mLMcQ":{"chainKey":{"counter":-1,"key":"lld052NtXwKVrIk6BXNNxOcchmeVw/R8Az7KmKFK0bI="},"chainType":1,"messageKeys":{}}}}},"version":"v1"}