{"_sessions":{"BaYUL7i/ME7pDmllxLQW+6PWwWbBjnAlIXsTbqGIOzZN":{"registrationId":262743789,"currentRatchet":{"ephemeralKeyPair":{"pubKey":"BTcZXJSmtWtx0t0QkVn6x7RZvwnKdLyiCBlBf6+N8vdz","privKey":"OAAbTM4Mew3wwKHIindcnPRGhzseIIbsl6iny1PWGVw="},"lastRemoteEphemeralKey":"BZWOF0l6WRKesfuskrM8WZ6bTLwSuC3DbVEksxjfUpxk","previousCounter":0,"rootKey":"4Eg/l50HNZ3S0Px7T9AMhVV/x6/mwuOlDhaNGKX1InQ="},"indexInfo":{"baseKey":"BaYUL7i/ME7pDmllxLQW+6PWwWbBjnAlIXsTbqGIOzZN","baseKeyType":2,"closed":-1,"used":1760952037643,"created":1760952037643,"remoteIdentityKey":"BSvRc0M96vumJaOAz7IOfhY4YowOoKb0jCxc6bgk+YR5"},"_chains":{"BZWOF0l6WRKesfuskrM8WZ6bTLwSuC3DbVEksxjfUpxk":{"chainKey":{"counter":3,"key":"XV25gNPslO2iS0BysoT/DmqCjUYjOYeTD/cKdwmAZdA="},"chainType":2,"messageKeys":{"0":"ISTSfOJ//DmXZeFfCQjPf0lAADWe9g1rwNWwaRvo+ho=","1":"+KieBDQ+RnDOXYmu0uYQQIGzjv6i5XgMZQXbeITwSMQ=","2":"mCbZaRBIcu8kOzWHLAYGlU+lJhGWyoYwpxfR3O7rCEY="}},"BTcZXJSmtWtx0t0QkVn6x7RZvwnKdLyiCBlBf6+N8vdz":{"chainKey":{"counter":-1,"key":"QfOn8wSQ2Oq/VgOjR0e2cwKZ1C2+TRyVl4/Zg+W7yUE="},"chainType":1,"messageKeys":{}}}}},"version":"v1"}