{"_sessions":{"Bcwf7xwd3z1LaEAhu9bhrMikUlLxEo6Vigm7kGEwfwgm":{"registrationId":933990076,"currentRatchet":{"ephemeralKeyPair":{"pubKey":"BRKKiQttNPz6pCnDL3flYcjwjSs5cWpQK+QMAUgY6b0X","privKey":"mPONFpDuO4m2iSIUWBSRU9JqpqIfkwnjqe6Vc6ofg1U="},"lastRemoteEphemeralKey":"BWuIKxnzTpXThzq32z15alTa1niCqmTk0W9SVky8w0gW","previousCounter":0,"rootKey":"llwXivQrE8foMBQaUGFzGpF+GfEAsbsKvQfWKIlhWB4="},"indexInfo":{"baseKey":"Bcwf7xwd3z1LaEAhu9bhrMikUlLxEo6Vigm7kGEwfwgm","baseKeyType":2,"closed":-1,"used":1760947571773,"created":1760947571773,"remoteIdentityKey":"Bc7k+d7yPBI2D/67hkA54geOxyvkJWwVigcTCkfB2z0H"},"_chains":{"BWuIKxnzTpXThzq32z15alTa1niCqmTk0W9SVky8w0gW":{"chainKey":{"counter":12,"key":"9A4sq6+/ITSKChzu5AycC27vCWg2ZzFA1yR5bm90Rm8="},"chainType":2,"messageKeys":{}},"BRKKiQttNPz6pCnDL3flYcjwjSs5cWpQK+QMAUgY6b0X":{"chainKey":{"counter":-1,"key":"buPr2K9TgIedcaA60dXCR/ElWmP8SDBmLAa0qSYFiEk="},"chainType":1,"messageKeys":{}}}}},"version":"v1"}