{"_sessions":{"Bev4RlDV2FR4eF/2f6wM9Kz7aPboDHZwYMYO43NbuCR/":{"registrationId":555028010,"currentRatchet":{"ephemeralKeyPair":{"pubKey":"BeE9g51a1Nt31sjanW64W4LnUiE+tjcBrUh9WnFozHdJ","privKey":"UJLUBA4++GypqoPzH+2dA58Ecq67LsryOfQWPW0an08="},"lastRemoteEphemeralKey":"BcOOMTmZNIvJQO1vVjP9FyF2XVZg/sBwyIqAuU1oeTlC","previousCounter":0,"rootKey":"FC5/XyGWn5kYOCKNhhwJgEBa5p9gRs1fwILpWOWRx90="},"indexInfo":{"baseKey":"Bev4RlDV2FR4eF/2f6wM9Kz7aPboDHZwYMYO43NbuCR/","baseKeyType":2,"closed":-1,"used":1760949294325,"created":1760949294325,"remoteIdentityKey":"BX0DDbi7k1Q9rK5fDnKPq/IkC7KZplYmYIApV2a8Es8J"},"_chains":{"BcOOMTmZNIvJQO1vVjP9FyF2XVZg/sBwyIqAuU1oeTlC":{"chainKey":{"counter":4,"key":"M6/apK3//STXb856xdkUv+RDIrnc1aEz4ujGrcfewzk="},"chainType":2,"messageKeys":{}},"BeE9g51a1Nt31sjanW64W4LnUiE+tjcBrUh9WnFozHdJ":{"chainKey":{"counter":-1,"key":"Ouqo2n1l64a77lT/UYTuebbM1dChwdm0UYo5CEahEv0="},"chainType":1,"messageKeys":{}}}}},"version":"v1"}