{"_sessions":{"BT7O/7DtuUi66P4e1GF3agH11rwhA740+fAF/wo3sP9g":{"registrationId":8820,"currentRatchet":{"ephemeralKeyPair":{"pubKey":"BcfxYcA1bM3ZtAEmwI/pDtmGeFfHZkeKDVP9h9cLjYho","privKey":"sFMw6eAL0wrclEUh8aGioateIprkAxLhV/WL3pGMCGM="},"lastRemoteEphemeralKey":"BZhD9owawMR1cG9Oob/AB+huu29KDTPfCPp1Zkqb91Aw","previousCounter":0,"rootKey":"dAn3AT/ADrpJMkYXIqjx2R6c12ve5mFRP2HTo4MD07E="},"indexInfo":{"baseKey":"BT7O/7DtuUi66P4e1GF3agH11rwhA740+fAF/wo3sP9g","baseKeyType":2,"closed":-1,"used":1760956112340,"created":1760956112340,"remoteIdentityKey":"BXWEm95G/gTlt3Q9fLoHbRq9+A1iXS07lrAIJDvur98n"},"_chains":{"BZhD9owawMR1cG9Oob/AB+huu29KDTPfCPp1Zkqb91Aw":{"chainKey":{"counter":0,"key":"A4jkuPavPFpAOwE/iJB3VuDzXzMT68laP4qCFg8wM6U="},"chainType":2,"messageKeys":{}},"BcfxYcA1bM3ZtAEmwI/pDtmGeFfHZkeKDVP9h9cLjYho":{"chainKey":{"counter":-1,"key":"gxMLCM34ft970htZtt5Y3FCMSnEWMF6ullN3b+mJ2l8="},"chainType":1,"messageKeys":{}}}}},"version":"v1"}